,Unnamed: 0,images,gt,preds,predicted_class
0,0,Outliers_images/Giotto_Kiss_Judas_1305.jpg,early renaissance,"USER:  
What is the art style of this painting made by Giotto in 1305?
ASSISTANT: The art style of this painting is Giotto's fresco, which was created in 1305. Giotto was an Italian painter and architect from the city of Florence, and his fresco technique involved painting directly onto wet plaster, creating a vibrant and lasting artwork on the walls of churches and other public spaces. The painting depicts a group of people, possibly religious figures, gathered together in a scene that reflects the social and spiritual aspects of the time.",early renaissance
1,1,Outliers_images/Pontormo_entombment_1928.jpg,mannerism late renaissance,"USER:  
What is the art style of this painting made by Jacopo Pontormo in 1528?
ASSISTANT: The art style of this painting is known as Mannerism. Mannerism is an artistic and literary movement that emerged in Europe during the late 16th century, as a reaction to the excesses of the High Renaissance. It is characterized by a return to theatricality, exaggeration, and a focus on the emotions and expressions of the subjects. In this painting, the artist has depicted a group of people, including a man lying on the ground, with exaggerated poses and expressions, which reflects the Mannerist art style.",mannerism late renaissance
2,2,Outliers_images/Campin_Merode_1428.jpg,northern renaissance,"USER:  
What is the art style of this painting made by Robert Campin and workshop in 1428?
ASSISTANT: The art style of this painting is Gothic. The painting features a woman in a red dress, possibly a nun, and an angel. The scene is set in a room with a dining table, a chair, and a vase. The Gothic style is characterized by its intricate and decorative elements, as well as the use of religious themes and symbolism. The painting was created by Robert Campin and his workshop in 1428, which is evident from the artistic techniques and the depiction of the subjects.",romanticism
3,3,Outliers_images/Velazques_meninas_1656.jpg,baroque,"USER:  
What is the art style of this painting made by Diego Velazquez in 1656?
ASSISTANT: The art style of this painting made by Diego Velazquez in 1656 is Baroque. The Baroque style is characterized by grandeur, drama, and a strong sense of movement, which can be seen in the composition and the subjects depicted in the painting. The painting features a group of people, including a woman and a child, who are posing in front of a painting. The scene is set in a room with a dog, a chair, and a clock, which further emphasizes the grandeur and drama of the Baroque style.",baroque
4,4,Outliers_images/Gainsborough_Blue_boy_1770.jpg,rococo,"USER:  
What is the art style of this painting made by Thomas Gainsborough in 1770?
ASSISTANT: The art style of this painting made by Thomas Gainsborough in 1770 is considered to be a portrait in the style of the English Enlightenment. The painting features a man wearing a blue coat and a black hat, with a fur lining. The subject is posed confidently, and the overall composition of the painting reflects the sophisticated and elegant taste of the Enlightenment period.",expressionism
5,5,Outliers_images/Goya_Saturn_1819.jpg,romanticism,"USER:  
What is the art style of this painting made by Francisco Goya in 1819?
ASSISTANT: The art style of this painting is Romanticism. Francisco Goya, the artist, was a prominent figure in the Romanticism movement, which emerged in the early 19th century. This painting, titled ""The Sleep of Reason Produces Monsters,"" features a monster holding a woman in its arms, symbolizing the fear and anxiety that can arise from the loss of reason and the power of imagination. The painting's imagery and themes reflect the Romanticism movement's focus on emotions, the subconscious, and the power of the imagination.",romanticism
6,6,Outliers_images/David_Marat_1793.jpg,realism,"USER:  
What is the art style of this painting made by Jacques-Louis David in 1793?
ASSISTANT: The art style of this painting is Neoclassical. Neoclassical art emerged in the late 18th century as a reaction to the excesses of the Rococo style. It emphasized simplicity, clarity, and the use of classical motifs and themes. In this painting, Jacques-Louis David portrays a man lying on a table, possibly dead or dying, with a sheet covering his body. The scene is depicted in a stark and minimalistic manner, reflecting the Neoclassical art style.",neo classicism
7,7,Outliers_images/Daumier_Wagon_1862.jpg,realism,"USER:  
What is the art style of this painting made by Honoré Daumier in 1854?
ASSISTANT: The art style of this painting is Romanticism. The painting, titled ""The Third Class Carriage"" by Honoré Daumier, depicts a group of people sitting close together in a train car, with some of them holding baskets. The scene captures the essence of the Romanticism movement, which emphasized the emotions and experiences of the common people, as opposed to the aristocracy. Daumier's painting reflects the social and economic conditions of the time, showcasing the hardships and struggles faced by the working class.",romanticism
8,8,Outliers_images/Mucha_Gismonda_1894.jpg,art nouveau,"USER:  
What is the art style of this painting made by Alfons Mucha in 1894?
ASSISTANT: The art style of this painting is Art Nouveau, which was created by Alfons Mucha in 1894. Art Nouveau is characterized by its decorative and organic motifs, often inspired by nature and mythological themes. The painting features a woman wearing a flowing dress, holding a branch, and surrounded by intricate patterns and designs, which are typical elements of Art Nouveau artwork.",art nouveau
9,9,Outliers_images/Picasso_Avignon_1907.jpg,cubism,"USER:  
What is the art style of this painting made by Pablo Picasso in 1907?
ASSISTANT: The art style of this painting made by Pablo Picasso in 1907 is Cubism. Cubism is a modernist art movement that emerged in the early 20th century, and it is characterized by the fragmentation of objects, the use of multiple perspectives, and the incorporation of geometric shapes. In this particular painting, Picasso has created a collage of different images, including a woman, a man, and a monkey, which are all combined into a single artwork. This demonstrates the Cubist approach to breaking down and reassembling elements to create a new visual experience.",cubism
10,10,Outliers_images/Picasso_Guernica_1937.jpg,cubism,"USER:  
What is the art style of this painting made by Pablo Picasso in 1937?
ASSISTANT: The art style of this painting made by Pablo Picasso in 1937 is Cubism. Cubism is a modernist art movement that emerged in the early 20th century, and it is characterized by the fragmentation of objects, the use of multiple perspectives, and the incorporation of unrelated elements. In this particular painting, Picasso has combined various elements, such as animals, humans, and household items, to create a complex and intriguing visual experience. The painting's title, ""Three Musicians,"" suggests that the image might be inspired by the music world, with the three figures possibly representing musicians or other musical elements.",cubism
11,11,Outliers_images/Duchamp_glass_1923.jpg,cubism,"USER:  
What is the art style of this painting made by Marcel Duchamp in 1915?
ASSISTANT: The art style of this painting made by Marcel Duchamp in 1915 is known as Dadaism. Dadaism is a movement that emerged during World War I, as a reaction to the chaos and violence of the time. It is characterized by its anti-war sentiment, its rejection of traditional values, and its embrace of nonsense and absurdity. Duchamp's painting, titled ""Fountain,"" is a prime example of this art style, as it features a urinal mounted on a plank and is meant to challenge conventional artistic norms.",expressionism
12,12,Outliers_images/Gris_guitar_1913.jpg,cubism,"USER:  
What is the art style of this painting made by Juan Gris in 1913?
ASSISTANT: The art style of this painting is Cubism, which was created by Juan Gris in 1913. Cubism is a modernist art movement that emphasizes the use of geometric shapes, fragmented forms, and multiple perspectives to create a sense of discontinuity and fragmentation. In this painting, the artist has used a combination of different shapes, colors, and textures to create a visually striking and thought-provoking piece of art.",cubism
13,13,Outliers_images/Metzinger_Tea_1911.jpg,cubism,"USER:  
What is the art style of this painting made by Jean Metzinger in 1911?
ASSISTANT: The art style of this painting is Cubism, which was created by Jean Metzinger in 1911. Cubism is a modernist art movement that emphasizes the use of geometric shapes, fragmented forms, and multiple perspectives to create a sense of discontinuity and dynamism in the artwork. In this particular painting, the artist has used a combination of abstract shapes and realistic elements to create a visually striking and thought-provoking piece of art.",cubism
14,14,Outliers_images/Picasso_chair_1912.jpg,cubism,"USER:  
What is the art style of this painting made by Pablo Picasso in 1912?
ASSISTANT: The art style of this painting made by Pablo Picasso in 1912 is Cubism. Cubism is a modernist art movement that emerged in the early 20th century, and it is characterized by the fragmentation of objects, the use of multiple perspectives, and the incorporation of everyday elements into the artwork. In this particular painting, Picasso has combined various objects, such as a chair, a vase, and a book, to create a unique and intriguing visual experience. The painting's composition and the use of multiple perspectives reflect the Cubist approach to art.",cubism
15,15,Outliers_images/Dali_Memory_1931.jpg,expressionism,"USER:  
What is the art style of this painting made by Salvador Dali in 1931?
ASSISTANT: The art style of this painting made by Salvador Dali in 1931 is Surrealism. Surrealism is a movement in art and literature that emphasizes the subconscious and dream-like imagery. In this painting, Dali has created a scene that combines elements of the natural world, such as a clock and a tree, with human-made objects like a chair and a dining table. The clocks are also positioned in a way that appears to be melting, which is a common surrealist motif. The overall effect of the painting is a blend of the real and the imaginative, reflecting the surrealist movement's focus on the unconscious and the subconscious.",surrealism
16,16,Outliers_images/Matisse_red_1911.jpg,expressionism,"USER:  
What is the art style of this painting made by Henri Matisse in 1911?
ASSISTANT: The art style of this painting made by Henri Matisse in 1911 is known as Fauvism. Fauvism is a style of painting that emerged in France in the early 20th century, characterized by bold colors, simplified forms, and a strong emphasis on the artist's emotions and feelings. Matisse's painting, featuring a woman and a vase, reflects the Fauvism style by incorporating vibrant colors and a simplified composition.",fauvism
17,17,Outliers_images/Derain_Collioure_1905.jpg,fauvism,"USER:  
What is the art style of this painting made by André Derain in 1905?
ASSISTANT: The art style of this painting is Fauvism. Fauvism is a modern art movement that emerged in France in the early 20th century. It is characterized by bold colors, simplified forms, and a focus on the artist's emotional response to the subject matter. In this painting, André Derain uses vibrant colors and a simplified landscape to create a striking visual effect. The painting's subject matter, which includes trees, a mountain, and a sky, is also representative of the Fauvism movement's interest in capturing the beauty of nature.",fauvism
18,18,Outliers_images/VanDongen_Woman_1906.jpg,fauvism,"USER:  
What is the art style of this painting made by Kees Van Dongen in 1906?
ASSISTANT: The art style of this painting is Fauvism. Fauvism is a modern art movement that emerged in France in the early 20th century. It is characterized by bold colors, simplified forms, and a focus on the artist's emotions and feelings. In this painting, the woman is wearing a hat and a dress, and the colors are vibrant and striking, which are typical features of Fauvist art. The painting was created by Kees Van Dongen in 1906, making it a notable example of the Fauvism movement.",fauvism
19,19,Outliers_images/Pollock_yellow-islands_1952.jpg,abstract expressionism,"USER:  
What is the art style of this painting made by Jackson Pollock in 1952?
ASSISTANT: The art style of this painting made by Jackson Pollock in 1952 is Abstract Expressionism. This style emphasizes the artist's emotions and the act of creation, often resulting in non-representational or abstract images. The painting features a combination of dripped paint, splatters, and other textures, which are characteristic elements of Pollock's work.",abstract expressionism
20,20,Outliers_images/Kline_meryon_1961.jpg,abstract expressionism,"USER:  
What is the art style of this painting made by Franz Kline in 1960?
ASSISTANT: The art style of this painting made by Franz Kline in 1960 is Abstract Expressionism. This style emphasizes the artist's emotions and the act of painting itself, rather than depicting a specific subject or scene. The painting features a black background with a white figure, which adds to the overall abstract nature of the piece.",abstract expressionism
21,21,Outliers_images/Motherwell_elegy-to-the-spanish-republic-no-110_1971.jpg,abstract expressionism,"USER:  
What is the art style of this painting made by Robert Motherwell in 1961?
ASSISTANT: The art style of this painting made by Robert Motherwell in 1961 is Abstract Expressionism. This style emphasizes the artist's emotions and the act of creation, often using bold colors, gestural brushstrokes, and a sense of spontaneity. The painting features a large black ""K"" on a white background, which is a characteristic of this art movement.",abstract expressionism
22,22,Outliers_images/Krasner_Gothic landscape_1961.jpg,abstract expressionism,"USER:  
What is the art style of this painting made by Lee Krasner in 1961?
ASSISTANT: The art style of this painting made by Lee Krasner in 1961 is Abstract Expressionism. This style emphasizes the artist's emotions and the act of creation, often using bold colors, gestural brushstrokes, and a sense of spontaneity. The painting features a mix of shapes, colors, and textures, which are characteristic of the Abstract Expressionist movement.",abstract expressionism
23,23,Outliers_images/Stella_Marrakech_1964.jpg,color field painting,"USER:  
What is the art style of this painting made by Frank Stella in 1964?
ASSISTANT: The art style of this painting made by Frank Stella in 1964 is minimalist. The painting features a geometric pattern, which is a characteristic of minimalist art. The use of bold colors, such as red and yellow, adds to the vibrant and striking appearance of the painting. The minimalist style emphasizes simplicity, clean lines, and the interplay of form and color, which can be seen in this particular piece.",minimalism
24,24,Outliers_images/Rothko_No7_1963.jpg,color field painting,"USER:  
What is the art style of this painting made by Mark Rothko in 1963?
ASSISTANT: The art style of this painting made by Mark Rothko in 1963 is Abstract Expressionism. This style emphasizes the artist's emotions and the act of painting itself, rather than depicting a specific subject or scene. The painting features a large, rectangular canvas with a single color, in this case, orange. The artist's intention was to create a sense of depth and space through the use of color and the absence of a clear subject matter.",abstract expressionism
25,25,Outliers_images/Noland_east-west_1963.jpg,color field painting,"USER:  
What is the art style of this painting made by Kenneth Noland in 1963?
ASSISTANT: The art style of this painting made by Kenneth Noland in 1963 is known as Color Field painting. Color Field painting is a style of abstract expressionism that emphasizes color, form, and the emotional impact of the work. The painting features a large, bold color palette, with a focus on the contrast between the yellow and red sections. The artist's use of vibrant colors and the contrasting shapes create a visually striking and emotionally evocative piece of art.",color field painting
26,26,Outliers_images/Malevich_black_square_1915.jpg,minimalism,"USER:  
What is the art style of this painting made by Kazimir Malevich in 1915?
ASSISTANT: The art style of this painting is known as Suprematism, which was created by Kazimir Malevich in 1915. This style emphasizes geometric shapes, simple forms, and a focus on the relationship between color and form. The painting in the image is a black square, which is a characteristic feature of Malevich's Suprematist works. The artist's goal was to create a sense of spirituality and transcendence through the use of geometric shapes and bold colors.",abstract expressionism
27,27,Outliers_images/Baer_stations_1967.jpg,minimalism,"USER:  
What is the art style of this painting made by Jo Baer in 1967?
ASSISTANT: The art style of this painting made by Jo Baer in 1967 is Abstract Expressionism. This style emphasizes the artist's emotions and the act of creation, often using bold colors, gestural brushstrokes, and a sense of spontaneity. The painting features a large, empty white canvas, which is a common element in this art movement. The focus is on the artist's expression and the emotions conveyed through the artwork, rather than depicting a specific subject or scene.",abstract expressionism
28,28,Outliers_images/Hiroshige_the-plum-garden_1857.jpg,ukiyo-e,"USER:  
What is the art style of this painting made by Utagawa Hiroshige in 1857?
ASSISTANT: The art style of this painting is Ukiyo-e, which was created by Utagawa Hiroshige in 1857. Ukiyo-e is a traditional Japanese art form that typically features colorful, decorative scenes of people, animals, and landscapes. The painting showcases a tree with blossoming flowers, which is a common motif in Ukiyo-e art. The artist's skillful use of color, line, and composition in this painting reflects the beauty and elegance of the Ukiyo-e art form.",ukiyo-e
29,29,Outliers_images/Sharaku_the-actor-Otani_1794.jpg,ukiyo-e,"USER:  
What is the art style of this painting made by Toshusai Sharaku in 1794?
ASSISTANT: The art style of this painting is called ""Ukiyo-e,"" which is a traditional Japanese art form that typically features scenes of everyday life, such as people, animals, and landscapes. The painting was created by Toshusai Sharaku in 1794, and it showcases a man with a long ponytail, possibly a samurai, wearing a kimono and holding a fan. The artwork is characterized by its vibrant colors, detailed linework, and the use of woodblock printing techniques.",ukiyo-e
30,30,Outliers_images/Utamaro_The-courtesan-Takao_1793.jpg,ukiyo-e,"USER:  
What is the art style of this painting made by Kitagawa Utamaro in 1793?
ASSISTANT: The art style of this painting is called ""Ukiyo-e,"" which is a traditional Japanese art form that typically features scenes of everyday life, such as people, animals, and landscapes. The painting was created by Kitagawa Utamaro in 1793, and it showcases a woman wearing a kimono, which is a common subject in Ukiyo-e art. The painting's intricate details and the use of color and patterns reflect the artistic style of the time period.",ukiyo-e
31,31,Outliers_images/Hokusai_red-fuji_1831.jpg,ukiyo-e,"USER:  
What is the art style of this painting made by Katsushika Hokusai in 1831?
ASSISTANT: The art style of this painting is called ""Ukiyo-e,"" which is a traditional Japanese art form. It is characterized by its use of bold colors, dynamic compositions, and the depiction of everyday life, nature, and mythical creatures. The painting features a mountain, clouds, and a mountain peak, which are common elements in Ukiyo-e artworks. The artist, Katsushika Hokusai, was a prominent figure in the Ukiyo-e movement, and this particular painting was created in 1831.",ukiyo-e
32,32,Outliers_images/Duchamp_fountain_1917.jpg,pop art,"USER:  
What is the art style of this painting made by Marcel Duchamp in 1917?
ASSISTANT: The art style of this painting made by Marcel Duchamp in 1917 is known as Dadaism. Dadaism is a movement that emerged during World War I, as a reaction to the chaos and destruction of the war. It is characterized by its anti-war sentiment, rejection of traditional values, and the use of found objects or everyday items as art. In this case, Duchamp's urinal is an example of a found object being used as art, challenging the traditional boundaries of art and questioning the viewer's perception of what constitutes art.",expressionism
33,33,Outliers_images/Johns_Flag_1955.jpg,pop art,"USER:  
What is the art style of this painting made by Jasper Johns in 1955?
ASSISTANT: The art style of this painting made by Jasper Johns in 1955 is known as ""Flag"" or ""Target"" painting. These paintings feature the American flag, which is composed of red, white, and blue stripes, and a target-like shape. The artwork is characterized by its bold colors, simple geometric shapes, and the use of the flag as a motif. The painting in the image is a prime example of this art style, showcasing the iconic flag design and the artist's signature use of colors and shapes.",color field painting
34,34,Influential_artworks/Early_Renaissance/FilippoLippi_MadonnaandChild_1455.jpg,early renaissance,"USER:  
What is the art style of this painting made by Filippo Lippi in 1455?
ASSISTANT: The art style of this painting is known as the ""Late Renaissance"" or ""High Renaissance,"" which was created by Filippo Lippi in 1455. This style is characterized by a strong sense of realism, a focus on the human form, and the use of light and shadow to create depth and atmosphere in the artwork. The painting features a woman holding a child, which is a common theme in this artistic period. The artist's skill in capturing the emotions and expressions of the subjects, as well as the intricate details of the clothing and accessories, are key elements of this art style.",early renaissance
35,35,Influential_artworks/Early_Renaissance/Masaccio_Tributemoney_1427.jpg,early renaissance,"USER:  
What is the art style of this painting made by Masaccio in 1427?
ASSISTANT: The art style of this painting is known as Masaccio's fresco technique. This technique involves painting directly onto a wall or other vertical surface, creating a sense of depth and realism. The fresco technique was popular in the 15th century, and Masaccio was one of the artists who utilized this method. The painting depicts a group of people, possibly religious figures, gathered together in a mountainous setting. The art style of this painting reflects the historical and cultural context of the time when it was created.",northern renaissance
36,36,Influential_artworks/Early_Renaissance/Masaccio_holytrinity_1427.jpg,early renaissance,"USER:  
What is the art style of this painting made by Masaccio in 1427?
ASSISTANT: The art style of this painting is known as Masaccio's fresco technique. This technique involves painting directly onto a wall or other surfaces, creating a sense of depth and realism. The painting depicts a religious scene, featuring a crucified Jesus, and it is believed to have been created by Masaccio in 1427. The fresco technique allows for the preservation of the artwork over time, as the paint remains adhered to the surface, resisting fading and deterioration.",northern renaissance
37,37,Influential_artworks/Early_Renaissance/FraAngelico_annunciation_1440.jpg,early renaissance,"USER:  
What is the art style of this painting made by Fra Angelico in 1440?
ASSISTANT: The art style of this painting is known as Fra Angelico's Renaissance style. Fra Angelico was an Italian artist, who was a prominent figure in the Renaissance period. His artwork is characterized by its religious themes, intricate details, and the use of light and shadow to create a sense of depth and atmosphere. The painting depicts two angels, one of them holding a baby, which is a common theme in Fra Angelico's works. The artist's skill in capturing the spiritual essence of the scene and the harmony between the figures and the background make this painting a prime example of Fra Angelico's artistic style.",early renaissance
38,38,Influential_artworks/Mannerism_Late_Renaissance/ElGreco_BurialOrgaz_1586.jpg,mannerism late renaissance,"USER:  
What is the art style of this painting made by El Greco in 1586?
ASSISTANT: The art style of this painting made by El Greco in 1586 is known as Mannerism. Mannerism is a style that emerged in the late 16th century, characterized by a sense of drama, emotional intensity, and a strong emphasis on the human form. The painting features a group of people, including a figure lying on the ground, possibly depicting a religious scene or a moment of contemplation. The use of light and shadow, as well as the dramatic poses and expressions, are typical elements of Mannerist art.",mannerism late renaissance
39,39,Influential_artworks/Mannerism_Late_Renaissance/Parmigianino_Madonna_1534.jpg,mannerism late renaissance,"USER:  
What is the art style of this painting made by Parmigianino in 1534?
ASSISTANT: The art style of this painting is known as the ""Madonna of the Long Neck,"" which was created by Parmigianino in 1534. This style is characterized by the elongated neck of the female figure, which gives the impression of a long neck. The painting features a woman, possibly Mary, holding a baby, and it is a representation of the motherly bond between the mother and her child. The art style is known for its intricate details and the use of light and shadow to create a sense of depth and atmosphere in the painting.",expressionism
40,40,Influential_artworks/Mannerism_Late_Renaissance/Michelangelo_LastJudgment_1536.jpg,mannerism late renaissance,"USER:  
What is the art style of this painting made by Michelangelo in 1536?
ASSISTANT: The art style of this painting made by Michelangelo in 1536 is known as fresco. Fresco is a technique where the artist paints directly onto a wet, plastered wall, creating a seamless and vibrant image. This method was popular in the Renaissance period, and Michelangelo was a master of this art form. The fresco technique allows the artist to work on a large scale, covering a significant portion of the wall. The result is a striking and detailed artwork that can be appreciated by viewers for its intricate details and vivid colors.",early renaissance
41,41,Influential_artworks/Mannerism_Late_Renaissance/Bronzino_Allegory_1545.jpg,mannerism late renaissance,"USER:  
What is the art style of this painting made by Bronzino in 1545?
ASSISTANT: The art style of this painting is known as Mannerism, which was popular in the late 16th century. The artist, Bronzino, was a prominent figure in the Mannerist movement, and this particular painting, featuring naked figures, is an example of his work. The painting's subject matter, which includes a couple of naked people and a child, reflects the Mannerist's fascination with the human form and their tendency to exaggerate and emphasize the emotions and expressions of the subjects.",mannerism late renaissance
42,42,Influential_artworks/Expressionism/Schiele_selfportrait_1912.jpg,expressionism,"USER:  
What is the art style of this painting made by Egon Schiele in 1912?
ASSISTANT: The art style of this painting made by Egon Schiele in 1912 is Expressionism. Expressionism is a modernist art movement that emerged in the early 20th century, focusing on the artist's emotions and personal experiences. In this painting, Schiele portrays a man with a beard, wearing a black jacket, and looking directly at the viewer. The man's intense gaze and the bold brushstrokes used by Schiele reflect the emotional intensity and personal expression that is characteristic of Expressionist art.",expressionism
43,43,Influential_artworks/Expressionism/Marc_horses_1911.jpg,expressionism,"USER:  
What is the art style of this painting made by Franz Marc in 1911?
ASSISTANT: The art style of this painting made by Franz Marc in 1911 is considered to be Expressionism. Expressionism is an art movement that emerged in the early 20th century, focusing on the artist's emotions and feelings, rather than depicting a specific subject or scene. In this painting, the artist has created a vivid and colorful scene featuring a blue horse, a green plant, and a white pole. The combination of these elements, along with the bold colors and the overall composition, reflects the emotional and artistic expression of the artist during that time period.",expressionism
44,44,Influential_artworks/Expressionism/Munch_scream_1893.jpg,expressionism,"USER:  
What is the art style of this painting made by Edvard Munch in 1893?
ASSISTANT: The art style of this painting made by Edvard Munch in 1893 is known as Symbolism. Symbolism is an art movement that emerged in the late 19th century, focusing on the use of symbolic imagery to convey emotions, ideas, or spiritual concepts. In this painting, the artist portrays a person with a wide-open mouth, which can be interpreted as a representation of fear, anxiety, or a scream. The painting also features a boat, which might symbolize a journey or a connection to the sea. Overall, the painting reflects the emotional and psychological themes often associated with Symbolism.",symbolism
45,45,Influential_artworks/Expressionism/Kandinsky_bluerider_1903.jpg,expressionism,"USER:  
What is the art style of this painting made by Wassily Kandinsky in 1903?
ASSISTANT: The art style of this painting is known as ""Impressionism."" This style was popular in the early 20th century and is characterized by the use of light and color to create a sense of atmosphere and mood. The painting features a man riding a horse in a grassy field, with a dog accompanying them. The scene is set against a backdrop of trees, adding to the overall impression of the landscape. The artist, Wassily Kandinsky, was known for his innovative approach to art, often incorporating elements of spirituality and symbolism into his works.",impressionism
46,46,Influential_artworks/Expressionism/Kirchner_berlin_1913.jpg,expressionism,"USER:  
What is the art style of this painting made by Ernst Ludwig Kirchner in 1913?
ASSISTANT: The art style of this painting made by Ernst Ludwig Kirchner in 1913 is Expressionism. This style emphasizes the artist's emotions and experiences, often depicting distorted or exaggerated forms to convey a sense of inner turmoil or intense feelings. In this particular painting, Kirchner portrays a group of people, possibly dancers, with exaggerated features and poses, which reflects the emotional intensity and the artistic expression of the time.",expressionism
47,47,Influential_artworks/Art_nouveau/Khnopff_sphinx_1896.jpg,art nouveau,"USER:  
What is the art style of this painting made by Fernand Khnopff in 1896?
ASSISTANT: The art style of this painting is impressionism. The painting, created by Fernand Khnopff in 1896, features a woman lying on the ground, with a leopard or a cheetah nearby. The woman appears to be interacting with the animal, which adds a sense of connection between the two subjects. The painting's style is characterized by the use of light and color to create a sense of atmosphere and movement, which is a key aspect of impressionism.",impressionism
48,48,Influential_artworks/Art_nouveau/Klimt_Kiss_1907.jpg,art nouveau,"USER:  
What is the art style of this painting made by Gustav Klimt in 1907?
ASSISTANT: The art style of this painting made by Gustav Klimt in 1907 is known as Art Nouveau or Jugendstil. This style is characterized by its use of organic forms, decorative elements, and a strong emphasis on the female form. The painting features a couple embracing each other, with the woman's face covered by a veil. The intricate details and the use of gold leaf in the painting reflect the Art Nouveau movement's focus on aesthetics and the appreciation of nature and the female form.",art nouveau
49,49,Influential_artworks/Art_nouveau/ToulouseLautrec_moulinrouge_1895.jpg,art nouveau,"USER:  
What is the art style of this painting made by Toulouse Lautrec in 1895?
ASSISTANT: The art style of this painting is known as ""Jazz Age,"" which was popular during the 1920s in the United States. This style is characterized by its vibrant colors, bold patterns, and the use of modern, urban elements. The painting features a lively scene with people sitting at tables, drinking, and socializing. The presence of chairs, dining tables, and wine glasses further emphasizes the atmosphere of a bustling, urban environment. The artist, Toulouse Lautrec, was known for his depiction of the Jazz Age culture and its lively, fast-paced lifestyle.",early renaissance
50,50,Influential_artworks/Art_nouveau/Beardsley_peacock_1893.jpg,art nouveau,"USER:  
What is the art style of this painting made by Aubrey Beardsley in 1893?
ASSISTANT: The art style of this painting is known as Art Nouveau, which was popular in the late 19th and early 20th centuries. Aubrey Beardsley, the artist who created this painting in 1893, was a prominent figure in the Art Nouveau movement. The painting features a woman with a flowing dress, which is a common motif in Art Nouveau art. The intricate and decorative elements in the painting reflect the aesthetic values of the Art Nouveau movement, which emphasized the fusion of art, craft, and nature.",art nouveau
51,51,Influential_artworks/Fauvism/Matisse_woman_1905.jpg,fauvism,"USER:  
What is the art style of this painting made by Henri Matisse in 1905?
ASSISTANT: The art style of this painting made by Henri Matisse in 1905 is Fauvism. Fauvism is a modern art movement that emerged in France in the early 20th century. It is characterized by bold colors, simplified forms, and a focus on the artist's emotions and feelings. In this painting, the artist has used vibrant colors and a simplified form to create a striking and emotionally charged image.",fauvism
52,52,Influential_artworks/Fauvism/Derain_bridge_1906.jpg,fauvism,"USER:  
What is the art style of this painting made by André Derain in 1906?
ASSISTANT: The art style of this painting made by André Derain in 1906 is Fauvism. Fauvism is a modern art movement that emerged in France in the early 20th century. It emphasizes bold colors, strong contrasts, and a simplified, abstract form. The painting features a bridge over a body of water, with boats and a cityscape in the background. The vibrant colors and the use of bold brushstrokes are characteristic of Fauvist art.",fauvism
53,53,Influential_artworks/Northern_Renaissance/AlbrechtDurer_Rhinoceros_1515.jpg,northern renaissance,"USER:  
What is the art style of this painting made by Albrecht Durer in 1515?
ASSISTANT: The art style of this painting made by Albrecht Durer in 1515 is a woodcut. Woodcuts are a type of printmaking where the artist carves the image into a wooden block, and ink is applied to the block, creating a print of the carved design. This technique was popular in the 15th and 16th centuries, and Albrecht Durer was a famous artist who used this technique to create his artworks.",expressionism
54,54,Influential_artworks/Northern_Renaissance/Bosch_Garden.jpg,northern renaissance,"USER:  
What is the art style of this painting made by Hieronymus Bosch in 1490?
ASSISTANT: The art style of this painting is known as surrealism. It was created by Hieronymus Bosch in 1490, and it features a group of naked people, some of whom are engaged in various activities. The painting is filled with a wide range of characters, including animals, and it is set in a lush, green landscape. The combination of the surreal elements, the vibrant colors, and the intricate details make this painting a unique and captivating piece of art.",surrealism
55,55,Influential_artworks/Northern_Renaissance/JanVanEyck_Arnolfini_1434.jpg,northern renaissance,"USER:  
What is the art style of this painting made by Jan van Eyck in 1434?
ASSISTANT: The art style of this painting is known as ""Ars Moriendi,"" which was a popular artistic movement during the 15th century. This style emphasized the theme of death and the afterlife, often depicting religious figures or scenes from the Bible. The painting features a man and a woman, possibly a couple, with the man holding the woman's hand. The woman is pregnant, which adds a sense of life and mortality to the scene. The painting is a representation of the human experience and the inevitability of death.",early renaissance
56,56,Influential_artworks/Northern_Renaissance/Holbein_Ambassadors_1533.jpg,northern renaissance,"USER:  
What is the art style of this painting made by Hans Holbein the Younger in 1533?
ASSISTANT: The art style of this painting made by Hans Holbein the Younger in 1533 is known as the Renaissance style. This style is characterized by the use of natural lighting, the depiction of human figures with a sense of realism, and the incorporation of classical elements in the artwork. The painting features two men dressed in medieval clothing, which reflects the historical context of the time period. The artist's skill in capturing the intricate details of the clothing, accessories, and facial expressions of the subjects further emphasizes the Renaissance style.",early renaissance
57,57,Influential_artworks/Rococo/Tiepolo_Allegory_1752.jpg,rococo,"USER:  
What is the art style of this painting made by Giovanni Battista Tiepolo in 1752?
ASSISTANT: The art style of this painting is Baroque. Giovanni Battista Tiepolo, an Italian artist, created this painting in 1752. The painting features a large, ornate frame and a rich, colorful composition, which are characteristic features of Baroque art. The painting also includes a variety of religious figures, angels, and other mythical creatures, further emphasizing the Baroque style's emphasis on grandeur and theatricality.",baroque
58,58,Influential_artworks/Rococo/Watteau_Embarkation_1717.jpg,rococo,"USER:  
What is the art style of this painting made by Jean-Antoine Watteau in 1717?
ASSISTANT: The art style of this painting is known as Rococo, which was popular in the late 17th and early 18th centuries. The painting features a group of people, including a man and a woman, dressed in costumes and engaging in various activities. The scene is set in a park, with a mountain in the background. The painting's style reflects the lighthearted and playful nature of the Rococo movement, which emphasized the importance of leisure, social interaction, and the pursuit of pleasure.",rococo
59,59,Influential_artworks/Rococo/Boucher_Odalisque_1745.jpg,rococo,"USER:  
What is the art style of this painting made by Francois Boucher in 1745?
ASSISTANT: The art style of this painting is Neoclassical. Neoclassical art emerged in the late 18th century as a reaction to the excesses of the Rococo style. It emphasized simplicity, elegance, and a return to classical themes and motifs. In this painting, the artist, Francois Boucher, has created a beautifully rendered female figure, possibly a portrait of a woman, which is a common theme in Neoclassical art. The painting's overall composition, colors, and subject matter reflect the Neoclassical art style.",neo classicism
60,60,Influential_artworks/Rococo/Fragonard_swing_1766.jpg,rococo,"USER:  
What is the art style of this painting made by Jean-Honoré Fragonard in 1766?
ASSISTANT: The art style of this painting is Neoclassical. Neoclassical art emerged in the late 18th century as a reaction to the excesses of the Rococo style. It emphasized simplicity, clarity, and the use of classical motifs and themes. In this painting, the artist, Jean-Honoré Fragonard, has created a scene that combines elements of mythology, romanticism, and theatricality. The woman is depicted flying through the air, holding onto a rope, while other figures, including a man, are present in the scene. The overall composition and the use of classical motifs and themes reflect the Neoclassical art style.",neo classicism
61,61,Influential_artworks/Ukiyo-e/Hokusai_wave_1830.jpg,ukiyo-e,"USER:  
What is the art style of this painting made by Hokusai in 1830?
ASSISTANT: The art style of this painting made by Hokusai in 1830 is known as ""Ukiyo-e,"" which is a traditional Japanese art form that typically features scenes of nature, landscapes, and people in various activities. The painting depicts a large wave, which is a common subject in Ukiyo-e artworks. The artist's use of bold colors, intricate details, and dynamic composition reflects the artistic style of the time period.",ukiyo-e
62,62,Influential_artworks/Pop_art/Paolozzi_richman_1947.jpg,pop art,"USER:  
What is the art style of this painting made by Eduardo Paolozzi in 1947?
ASSISTANT: The art style of this painting made by Eduardo Paolozzi in 1947 is a combination of Surrealism and Pop Art. The painting features a woman in a dress, and the image is described as a ""Pop Art painting."" The woman is shown in a provocative pose, and the painting also includes a gun, which adds a surreal element to the composition. The combination of these elements creates a unique and thought-provoking artwork that reflects the artist's vision and the cultural context of the time.",pop art
63,63,Influential_artworks/Pop_art/Warhol_campbell_1962.jpg,pop art,"USER:  
What is the art style of this painting made by Andy Warhol in 1962?
ASSISTANT: The art style of this painting made by Andy Warhol in 1962 is known as Pop Art. Pop Art is a movement that emerged in the 1950s and 1960s, which focused on using popular culture elements, such as consumer goods, advertisements, and celebrities, as subjects for art. In this case, the painting features a series of Campbell's Soup cans, which are a well-known brand of canned soup. The repetitive arrangement of the cans creates a visually striking and iconic image, reflecting the Pop Art movement's emphasis on mass culture and the use of everyday objects as artistic subjects.",pop art
64,64,Influential_artworks/Pop_art/Hamilton_justwhat_1956.jpg,pop art,"USER:  
What is the art style of this painting made by Richard Hamilton in 1956?
ASSISTANT: The art style of this painting made by Richard Hamilton in 1956 is known as Pop Art. This style is characterized by the use of popular culture elements, such as comic books, advertisements, and mass media, to create artwork that reflects contemporary society. In the image, the man is holding a tennis racket, which is a common object in everyday life. The painting also features a woman, a chair, and a potted plant, all of which are part of the everyday environment. The combination of these elements, along with the use of bold colors and simple shapes, contributes to the Pop Art aesthetic.",pop art
65,65,Influential_artworks/Pop_art/Lichtenstein_girl_1964.jpg,pop art,"USER:  
What is the art style of this painting made by Roy Lichtenstein in 1964?
ASSISTANT: The art style of this painting is known as Pop Art, which was popularized by Roy Lichtenstein in the 1960s. Pop Art is characterized by its use of common, everyday objects and images, often taken from popular culture, such as comic books, advertisements, and news headlines. In this painting, the artist has used a comic book-like image of a woman with blonde hair, wearing a white shirt, and crying. The use of bold colors, such as yellow and blue, and the comic book-like style, are typical features of Pop Art.",pop art
66,66,Influential_artworks/High_Renaissance/Michelangelo_sistine_1508.jpg,high renaissance,"USER:  
What is the art style of this painting made by Michelangelo in 1508?
ASSISTANT: The art style of this painting made by Michelangelo in 1508 is known as the Sistine Chapel ceiling. It features a series of fresco paintings that depict various religious and mythological scenes. The artwork is characterized by its intricate details, vibrant colors, and dynamic composition, which showcase Michelangelo's exceptional talent and skill in the field of art.",high renaissance
67,67,Influential_artworks/High_Renaissance/LeonardoDaVinci_LastSupper_1495.jpg,high renaissance,"USER:  
What is the art style of this painting made by Leonardo Da Vinci in 1495?
ASSISTANT: The art style of this painting made by Leonardo Da Vinci in 1495 is known as High Renaissance. This period of art history is characterized by the use of perspective, anatomical accuracy, and a focus on the human form. The painting depicts a group of people gathered around a large dining table, which is a common theme in High Renaissance art. The intricate details and the overall composition of the painting reflect the artistic style of Leonardo Da Vinci and the High Renaissance period.",high renaissance
68,68,Influential_artworks/High_Renaissance/Giorgione_Tempest_1506.jpg,high renaissance,"USER:  
What is the art style of this painting made by Giorgione in 1506?
ASSISTANT: The art style of this painting, which features a woman sitting on a rock, a man standing next to her, and a baby, is attributed to the artist Giorgione. The painting was created in 1506, making it a product of the High Renaissance period. The artwork showcases the artist's skill in capturing the human form and the natural environment, as well as the influence of the classical and humanist ideals of the time.",northern renaissance
69,69,Influential_artworks/High_Renaissance/LeonardoDaVinci_MonaLisa_1503.jpg,high renaissance,"USER:  
What is the art style of this painting made by Leonardo Da Vinci in 1503?
ASSISTANT: The art style of this painting made by Leonardo Da Vinci in 1503 is known as High Renaissance. This period of art history is characterized by the use of perspective, anatomical accuracy, and the depiction of human emotions. The painting features a woman, possibly the artist's wife, and is considered one of the most famous and influential works of art in history.",high renaissance
70,70,Influential_artworks/High_Renaissance/Raphael_SchoolAthens_1509.jpg,high renaissance,"USER:  
What is the art style of this painting made by Raphael in 1509?
ASSISTANT: The art style of this painting made by Raphael in 1509 is considered to be a Renaissance masterpiece. The painting features a large group of people, including a man sitting on a step, and it is set in a grand building, possibly a church. The intricate details, vibrant colors, and the overall composition of the painting reflect the artistic style of the Renaissance period.",early renaissance
71,71,Influential_artworks/Minimalism/Hesse_untitled_1967.jpg,minimalism,"USER:  
What is the art style of this painting made by Eva Hesse in 1967?
ASSISTANT: The art style of this painting made by Eva Hesse in 1967 is minimalist. The painting features a square grid pattern, which is a characteristic of minimalist art. The grid pattern is a simple and geometric design that emphasizes the interplay between form and space. This style of art is often associated with the concept of ""less is more,"" where the artist uses basic shapes and forms to create a sense of depth and complexity in their work.",minimalism
72,72,Influential_artworks/Minimalism/Ryman_bentline.jpg,minimalism,"USER:  
What is the art style of this painting made by Robert Ryman in 1930?
ASSISTANT: The art style of this painting made by Robert Ryman in 1930 is Abstract Expressionism. This style emphasizes the artist's emotions and the act of creation, often using non-representational forms and bold colors. In this case, the painting features a white background with a blue square, which is a characteristic of the Abstract Expressionism movement.",abstract expressionism
73,73,Influential_artworks/Minimalism/Kelly_horizontal_1951.jpg,minimalism,"USER:  
What is the art style of this painting made by Ellsworth Kelly in 1951?
ASSISTANT: The art style of this painting made by Ellsworth Kelly in 1951 is minimalist. The painting features a single, unbroken line that extends across the entire canvas, creating a sense of continuity and simplicity. This minimalist approach emphasizes the line itself as the primary subject, rather than focusing on a specific scene or subject matter. The use of a single color, in this case, black, further enhances the simplicity and elegance of the piece.",minimalism
74,74,Influential_artworks/Minimalism/Smith_die_1962.jpg,minimalism,"USER:  
What is the art style of this painting made by Tony Smith in 1962?
ASSISTANT: The art style of this painting made by Tony Smith in 1962 is minimalist. The minimalist art movement emphasizes simplicity, functionality, and the use of industrial materials, often focusing on the interplay between form and space. In this case, the painting features a large, square, brown wooden block, which is a minimalist representation of a three-dimensional object. The simplicity and lack of decorative elements in the painting reflect the minimalist art style.",minimalism
75,75,Influential_artworks/Color_field_painting/Louis_alpha_1961.jpg,color field painting,"USER:  
What is the art style of this painting made by Morris Louis in 1961?
ASSISTANT: The art style of this painting made by Morris Louis in 1961 is known as ""Color Field"" or ""Color-Luminosity"" painting. This style emphasizes the use of color and the interplay of light and color to create a sense of depth and space in the artwork. The artist's goal was to evoke emotions and reactions from the viewer by using a limited color palette and focusing on the interplay of light and color.",color field painting
76,76,Influential_artworks/Color_field_painting/Newman_vir_1950.jpg,color field painting,"USER:  
What is the art style of this painting made by Barnett Newman in 1950?
ASSISTANT: The art style of this painting made by Barnett Newman in 1950 is known as ""zip code"" or ""color field"" painting. This style emphasizes the use of color and the flatness of the canvas, creating a sense of depth and space. The painting features a large, bold red color, which is a characteristic of the color field style. The artist's intention was to evoke emotions and create a sense of spirituality through the use of color and form.",color field painting
77,77,Influential_artworks/Realism/Millet_gleaners_1857.jpg,realism,"USER:  
What is the art style of this painting made by Jean-François Millet in 1857?
ASSISTANT: The art style of this painting made by Jean-François Millet in 1857 is known as Realism. Realism is a style of painting that aims to depict real-life scenes, people, and objects in a natural and unadorned manner. In this painting, Millet portrays a group of peasants working in a field, capturing the daily life and labor of the people in a rural setting. The painting's subject matter and the artist's choice to depict the scene in a realistic manner reflect the Realism art style.",early renaissance
78,78,Influential_artworks/Realism/Manet_Olympia_1863.jpg,realism,"USER:  
What is the art style of this painting made by Edouard Manet in 1863?
ASSISTANT: The art style of this painting made by Edouard Manet in 1863 is considered to be Impressionism. This style of painting emphasizes the use of light and color to capture the fleeting moments of everyday life. The painting features a naked woman lying on a bed, with a vase of flowers nearby. The scene is depicted in a relaxed and casual manner, reflecting the Impressionist approach to art.",impressionism
79,79,Influential_artworks/Realism/Eakins_clinic_1875.jpg,realism,"USER:  
What is the art style of this painting made by Thomas Eakins in 1875?
ASSISTANT: The art style of this painting made by Thomas Eakins in 1875 is realism. Realism is a style of painting that aims to depict the subject in a highly detailed and accurate manner, often focusing on the human form, facial expressions, and the interplay of light and shadow. In this painting, Eakins captures a group of people, including a man in a suit and a man in a white shirt, in a theater setting. The attention to detail and the depiction of the human form and expressions reflect the realism style of the painting.",realism
80,80,Influential_artworks/Realism/Courbet_stonebreakers_1849.jpg,realism,"USER:  
What is the art style of this painting made by Gustave Courbet in 1849?
ASSISTANT: The art style of this painting made by Gustave Courbet in 1849 is known as Realism. Realism is a movement in art that aims to depict real-life scenes, people, and objects in a natural and unadorned manner. In this painting, Courbet portrays two men working together to move a large stone, capturing the essence of manual labor and the relationship between the two men. The scene is set in a rural landscape, emphasizing the connection between the men and their environment. This art style emphasizes the importance of capturing the everyday aspects of life, rather than focusing on the aesthetic aspects of art.",realism
81,81,Influential_artworks/Romanticism/Gericault_Medusa_1818.jpg,romanticism,"USER:  
What is the art style of this painting made by Théodore Géricault  in 1818?
ASSISTANT: The art style of this painting is Romanticism. The painting, titled ""The Raft of the Medusa,"" was created by Théodore Géricault in 1818. It depicts a group of people on a raft in the ocean, with some of them reaching out to another raft. The scene is dramatic and captures the emotions and struggles of the people involved. The Romanticism movement emphasized the emotions and experiences of the individual, as well as the power of nature. This painting reflects those themes, making it a prime example of Romanticism art.",romanticism
82,82,Influential_artworks/Romanticism/Turner_Slaveship_1840.jpg,romanticism,"USER:  
What is the art style of this painting made by Joseph Mallord William Turner in 1840?
ASSISTANT: The art style of this painting is Romanticism. Joseph Mallord William Turner created this painting in 1840, which reflects the Romanticism movement's focus on emotions, imagination, and the sublime aspects of nature. The painting features a ship sailing on the water, with a beautiful sunset in the background, which adds to the overall atmosphere and emotional impact of the scene.",romanticism
83,83,Influential_artworks/Romanticism/Delacroix_Liberty_1830.jpg,romanticism,"USER:  
What is the art style of this painting made by Eugène Delacroix in 1830?
ASSISTANT: The art style of this painting made by Eugène Delacroix in 1830 is Romanticism. The painting depicts a woman holding a flag, surrounded by a crowd of people, and it captures the emotions and energy of the moment. The Romanticism movement emphasized the emotions and individual experiences of the artist, as well as the power of nature and the sublime. This painting reflects the Romanticism movement's focus on the human experience and the power of emotions in art.",post impressionism
84,84,Influential_artworks/Romanticism/Friedrich_Wanderer_1818.jpg,romanticism,"USER:  
What is the art style of this painting made by Caspar David Friedrich in 1818?
ASSISTANT: The art style of this painting, made by Caspar David Friedrich in 1818, is Romanticism. Romanticism was a popular art movement during the early 19th century, focusing on emotions, imagination, and the celebration of nature. The painting features a man standing on a rocky outcrop, overlooking a vast landscape, which is a common theme in Romantic art. The artist's use of light, shadows, and the dramatic contrast between the man and the landscape reflects the emotional and imaginative aspects of the Romantic movement.",romanticism
85,85,Influential_artworks/Cubism/Braque_violincandlestick_1910.jpg,cubism,"USER:  
What is the art style of this painting made by Georges Braque in 1910?
ASSISTANT: The art style of this painting made by Georges Braque in 1910 is Cubism. Cubism is an art movement that emerged in the early 20th century, characterized by the use of multiple perspectives, geometric shapes, and the incorporation of everyday objects. In this particular painting, Braque has combined various elements, such as a violin, a vase, and a clock, to create a unique and intriguing composition. The painting's vibrant colors and the artist's use of light and shadow further contribute to the overall aesthetic of the piece.",cubism
86,86,Influential_artworks/Cubism/Braque_estaque_1908.jpg,cubism,"USER:  
What is the art style of this painting made by Georges Braque in 1908?
ASSISTANT: The art style of this painting made by Georges Braque in 1908 is Cubism. Cubism is an art movement that emerged in the early 20th century, focusing on the depiction of three-dimensional objects using a two-dimensional medium. In this painting, the artist has used a combination of geometric shapes, lines, and colors to create a visually striking and innovative representation of the building. The Cubist style emphasizes the fragmentation and reassembling of objects, which is evident in the way the building is depicted in this painting.",cubism
87,87,Influential_artworks/Impressionism/Degas_Ballet_1874.jpg,impressionism,"USER:  
What is the art style of this painting made by Edgar Degas in 1874?
ASSISTANT: The art style of this painting made by Edgar Degas in 1874 is Impressionism. Impressionism is a style of painting that emphasizes the play of light and color, capturing the fleeting moments of everyday life. In this painting, Degas portrays a group of young women in a ballet class, capturing their movements and expressions. The painting's focus on the dancers and their actions, rather than a static scene, reflects the Impressionist approach to art.",impressionism
88,88,Influential_artworks/Impressionism/Monet_sunrise_1872.jpg,impressionism,"USER:  
What is the art style of this painting made by Claude Monet in 1872?
ASSISTANT: The art style of this painting made by Claude Monet in 1872 is Impressionism. Impressionism is a movement in art that emphasizes the depiction of light and color, as well as the artist's perception of the scene, rather than a strict adherence to realism. This style is characterized by the use of short brushstrokes, the emphasis on the play of light and color, and the portrayal of the scene as the artist experienced it. In this particular painting, Monet captures the sunset over the water, creating a serene and captivating scene.",impressionism
89,89,Influential_artworks/Impressionism/Pissarro_boulevardwinter_1897.jpg,impressionism,"USER:  
What is the art style of this painting made by Camille Pissarro in 1897?
ASSISTANT: The art style of this painting made by Camille Pissarro in 1897 is Impressionism. Impressionism is a style of painting that emphasizes the play of light and color, capturing the fleeting effects of light on the scene. The painting depicts a busy city street with people, horses, and carriages, showcasing the bustling atmosphere of the time. The Impressionist style is characterized by its focus on capturing the spontaneous and dynamic aspects of the scene, rather than adhering to traditional artistic conventions.",impressionism
90,90,Influential_artworks/Impressionism/Caillebotte_Paris_1877.jpg,impressionism,"USER:  
What is the art style of this painting made by Gustave Caillebotte in 1877?
ASSISTANT: The art style of this painting is Impressionism. This style was popular in the late 19th century and is characterized by its focus on capturing the fleeting moments of everyday life, using light and color to convey the atmosphere and mood of the scene. In this particular painting, the artist, Gustave Caillebotte, depicts a rainy day in Paris, with people walking down the street holding umbrellas. The scene is bustling with activity, and the artist skillfully captures the essence of the moment using the Impressionist techniques.",impressionism
91,91,Influential_artworks/Impressionism/Renoir_Dancemoulin_1876.jpg,impressionism,"USER:  
What is the art style of this painting made by Pierre-Auguste Renoir in 1876?
ASSISTANT: The art style of this painting made by Pierre-Auguste Renoir in 1876 is Impressionism. Impressionism is a style of painting that emphasizes the play of light and color, capturing the fleeting moments of everyday life. The painting depicts a lively scene of people gathered in a park, with many individuals engaged in various activities. The Impressionist style is characterized by the use of short brushstrokes, vibrant colors, and the depiction of light and shadows, which can be seen in this painting.",impressionism
92,92,Influential_artworks/Baroque/Rubens_ElevationCross_1610.jpg,baroque,"USER:  
What is the art style of this painting made by Peter Paul Rubens in 1610?
ASSISTANT: The art style of this painting is Baroque. The painting depicts a scene of Jesus being taken away by Roman soldiers, with a crowd of people surrounding him. The Baroque style is characterized by grandeur, drama, and a strong sense of movement, which is evident in this painting. The artist, Peter Paul Rubens, was a prominent figure in the Baroque movement, known for his vivid and dramatic paintings.",baroque
93,93,Influential_artworks/Baroque/Caravaggio_StMatthew_1599.jpg,baroque,"USER:  
What is the art style of this painting made by Caravaggio in 1599?
ASSISTANT: The art style of this painting made by Caravaggio in 1599 is known as Caravaggio. This style is characterized by dramatic lighting, strong contrasts, and the use of chiaroscuro, which is the technique of using light and shadow to create depth and emphasize the subject. Caravaggio's paintings often depict religious or mythological themes, and his works are known for their realism and the way they capture the emotions and expressions of the subjects.",early renaissance
94,94,Influential_artworks/Baroque/Rembrandt_Nightwatch_1642.jpg,baroque,"USER:  
What is the art style of this painting made by Rembrandt in 1642?
ASSISTANT: The art style of this painting made by Rembrandt in 1642 is considered to be a part of the Dutch Golden Age. This period, which lasted from the 16th to the 18th century, was characterized by a high level of cultural and economic development in the Netherlands. During this time, artists like Rembrandt created works that showcased the beauty, wealth, and power of the Dutch society. The painting features a group of people, possibly a gathering of the local elite, dressed in fancy clothing and surrounded by various objects like a dog, a clock, and a bowl. The art style of this painting reflects the social and cultural values of the Dutch Golden Age.",early renaissance
95,95,Influential_artworks/Baroque/Gentileschi_Judith_1612.jpg,baroque,"USER:  
What is the art style of this painting made by Artemisia Gentileschi in 1612?
ASSISTANT: The art style of this painting is Baroque. The artist, Artemisia Gentileschi, was a prominent figure in the Baroque movement, which was characterized by dramatic and emotional themes, as well as the use of strong colors and lighting effects. The painting depicts a woman being strangled by another woman, which reflects the intense and violent nature of the Baroque style.",baroque
96,96,Influential_artworks/Post_Impressionism/Seurat_Sunday_1884.jpg,post impressionism,"USER:  
What is the art style of this painting made by Georges Seurat in 1884?
ASSISTANT: The art style of this painting is known as Pointillism, which was created by Georges Seurat in 1884. Pointillism is a technique where the artist uses small, distinct dots of color to create an image. In this painting, the artist has used small dots of color to create a lively scene of people in a park, with various objects such as umbrellas, handbags, and chairs. The combination of these small dots creates a vibrant and dynamic image, showcasing the outdoor gathering of people.",expressionism
97,97,Influential_artworks/Post_Impressionism/Cezanne_mont_1902.jpg,post impressionism,"USER:  
What is the art style of this painting made by Paul Cezanne in 1902?
ASSISTANT: The art style of this painting made by Paul Cezanne in 1902 is considered to be Post-Impressionism. This style is characterized by the use of bold colors, the emphasis on the subject's form and structure, and the incorporation of elements from the natural world. In this particular painting, the artist captures the landscape of a mountainous region, with a mountain in the background and a village below. The painting showcases the artist's ability to convey the beauty and grandeur of the natural world through his artistic vision.",post impressionism
98,98,Influential_artworks/Post_Impressionism/vanGogh_Starrynight_1889.jpg,post impressionism,"USER:  
What is the art style of this painting made by Vincent van Gogh in 1889?
ASSISTANT: The art style of this painting made by Vincent van Gogh in 1889 is Impressionism.",impressionism
99,99,Influential_artworks/Post_Impressionism/ToulouseLautrec_Clownesse_1895.jpg,post impressionism,"USER:  
What is the art style of this painting made by Toulouse Lautrec in 1895?
ASSISTANT: The art style of this painting is considered to be a mix of Impressionism and Art Nouveau. The artist, Toulouse Lautrec, was known for his unique style, which combined elements from both movements. The painting features a woman in a yellow dress, which is a common element in Art Nouveau designs. Additionally, the Impressionist style is evident in the way the woman is depicted, with a focus on capturing the fleeting moments and the play of light and shadow. The combination of these two art styles creates a visually striking and memorable piece.",impressionism
100,100,Influential_artworks/Post_Impressionism/Gauguin_Where_1897.jpg,post impressionism,"USER:  
What is the art style of this painting made by Paul Gauguin in 1897?
ASSISTANT: The art style of this painting made by Paul Gauguin in 1897 is considered to be a part of the Symbolist movement. The Symbolist movement was a reaction to the Impressionist movement and focused on the emotional and spiritual aspects of art. Gauguin's painting features a group of people, including a man hanging from a tree, which can be interpreted as a symbolic representation of human suffering or spiritual transformation. The use of vibrant colors and the depiction of the human form in a surreal or dream-like state are also characteristic features of Symbolist art.",expressionism
101,101,Influential_artworks/Abstract_Expressionism/deKooning_woman_1952.jpg,abstract expressionism,"USER:  
What is the art style of this painting made by Willem De Kooning in 1952?
ASSISTANT: The art style of this painting made by Willem De Kooning in 1952 is considered to be Abstract Expressionism. This style emphasizes the artist's emotions and the act of creation, often resulting in non-representational or semi-abstract images. The painting features a woman's torso, which is a common subject in this style, and the colors and brushstrokes are used to convey the artist's feelings and the overall mood of the piece.",abstract expressionism
102,102,Influential_artworks/Naive_art_primitivism/Moses_turkey_1940.jpg,naive art primitivism,"USER:  
What is the art style of this painting made by Grandma Moses in 1940?
ASSISTANT: The art style of this painting, made by Grandma Moses in 1940, is a folk art style. This style is characterized by its simplicity, use of bright colors, and depiction of everyday life or rural scenes. The painting features a group of people, horses, and a house, all set against a snowy backdrop. The overall composition and color palette of the painting reflect the folk art style, which is often associated with the work of Grandma Moses.",naive art primitivism
103,103,Influential_artworks/Naive_art_primitivism/Pirosmani_gatekeeper_1905.jpg,naive art primitivism,"USER:  
What is the art style of this painting made by Niko Pirosmani in 1905?
ASSISTANT: The art style of this painting is impressionism. The painting, created by Niko Pirosmani in 1905, features a woman dressed in a white dress, holding a cane. The woman appears to be walking, and the scene is set in a black and white color scheme. The impressionistic style is characterized by the artist's focus on capturing the fleeting moments of light and shadow, as well as the interplay of color and form. This style emphasizes the artist's perception of the scene and the emotions it evokes, rather than a strict adherence to realism.",impressionism
104,104,Influential_artworks/Naive_art_primitivism/Rousseau_gypsy_1897.jpg,naive art primitivism,"USER:  
What is the art style of this painting made by Henri Rousseau in 1897?
ASSISTANT: The art style of this painting is known as Jungle or Naïve art. It was created by Henri Rousseau in 1897. Jungle or Naïve art is characterized by its simplistic, childlike, and imaginative depiction of animals and scenes from nature. The artist often used vibrant colors and exaggerated proportions to create a sense of wonder and fantasy. In this painting, the artist has portrayed a lion and a woman lying down, with a guitar nearby. The scene is set in a jungle-like environment, which adds to the overall atmosphere of the painting.",expressionism
105,105,Influential_artworks/Naive_art_primitivism/Rousseau_dream_1910.jpg,naive art primitivism,"USER:  
What is the art style of this painting made by Henri Rousseau in 1910?
ASSISTANT: The art style of this painting is known as Jungle or Naive art. It was created by Henri Rousseau in 1910. Jungle or Naive art is characterized by its simplistic and naive approach to depicting scenes from nature, often featuring animals and plants in a stylized and exaggerated manner. The painting showcases a woman sitting on a chair surrounded by various plants and animals, which is a typical subject matter for this art style.",expressionism
106,106,Influential_artworks/Naive_art_primitivism/Rousseau_repast_1907.jpg,naive art primitivism,"USER:  
What is the art style of this painting made by Henri Rousseau in 1907?
ASSISTANT: The art style of this painting is known as Jungle or Naïve art. It was created by Henri Rousseau in 1907. Jungle or Naïve art is characterized by its vibrant colors, bold lines, and simple, childlike imagery. The painting features a jungle scene with a monkey, a bird, and a flower, all set against a backdrop of a sunset. The art style is often associated with the artist's personal experiences and emotions, as well as the cultural and artistic influences of the time.",expressionism
107,107,Picasso_collection/Picasso_Bateleurs_1905.jpg,symbolism,"USER:  
What is the art style of this painting made by Pablo Picasso in 1905?
ASSISTANT: The art style of this painting made by Pablo Picasso in 1905 is Cubism. This style emphasizes the fragmentation of objects and the use of multiple perspectives, which can be seen in the depiction of the people and their surroundings in the painting.",cubism
108,108,Picasso_collection/Picasso_vase_1903.jpg,symbolism,"USER:  
What is the art style of this painting made by Pablo Picasso in 1903?
ASSISTANT: The art style of this painting made by Pablo Picasso in 1903 is known as Cubism. Cubism is a modernist art movement that emerged in the early 20th century, characterized by the depiction of three-dimensional objects in a two-dimensional manner. In this painting, Picasso uses a vase as a central element, and the background features a blue vase with a flower in it. The artwork showcases the artist's ability to capture the essence of the subject while incorporating the Cubist aesthetic.",cubism
109,109,Picasso_collection/Picasso_Woman_Raven_1904.jpg,symbolism,"USER:  
What is the art style of this painting made by Pablo Picasso in 1904?
ASSISTANT: The art style of this painting is Cubism, which was created by Pablo Picasso in 1904. This style emphasizes the fragmentation of objects and the use of multiple perspectives to create a complex and dynamic composition. In the image, the woman is depicted with a black cat, and the painting's overall composition reflects the Cubist principles, making it a prime example of this artistic movement.",cubism
110,110,Picasso_collection/Picasso_Vie_1903.jpg,symbolism,"USER:  
What is the art style of this painting made by Pablo Picasso in 1903?
ASSISTANT: The art style of this painting made by Pablo Picasso in 1903 is Cubism. Cubism is a modernist art movement that emerged in the early 20th century, and it is characterized by the fragmentation of objects, the use of multiple perspectives, and the incorporation of geometric shapes. In this particular painting, the artist has depicted a woman holding a child, with a man standing next to her. The painting also features a chair and a bottle, which are part of the Cubist style. The overall composition of the painting reflects the Cubist movement's focus on breaking down objects into their constituent parts and creating a sense of multiple perspectives.",cubism
111,111,Picasso_collection/Picasso_Brooding_Woman_1904.jpg,symbolism,"USER:  
What is the art style of this painting made by Pablo Picasso in 1904?
ASSISTANT: The art style of this painting made by Pablo Picasso in 1904 is Cubism. This style emphasizes the fragmentation of objects and the use of multiple perspectives, which can be seen in the painting's composition and the artist's choice of subject matter. The painting features a man and a woman, with the woman's face being the main focus. The overall effect of the painting is a combination of different perspectives and artistic elements, reflecting the Cubist movement's emphasis on breaking down and reassembling forms.",cubism
112,112,Picasso_collection/Picasso_avignon_1907.jpg,cubism,"USER:  
What is the art style of this painting made by Pablo Picasso in 1907?
ASSISTANT: The art style of this painting made by Pablo Picasso in 1907 is Cubism. Cubism is a modernist art movement that emerged in the early 20th century, and it is characterized by the fragmentation of objects, the use of multiple perspectives, and the incorporation of geometric shapes. In this particular painting, Picasso has created a collage of different images, including a woman, a man, and a monkey, which are all combined into a single artwork. This demonstrates the Cubist approach to breaking down and reassembling elements to create a new visual experience.",cubism
113,113,Picasso_collection/Picasso_maisonette_1908.jpg,cubism,"USER:  
What is the art style of this painting made by Pablo Picasso in 1908?
ASSISTANT: The art style of this painting made by Pablo Picasso in 1908 is Cubism. Cubism is a modernist art movement that emerged in the early 20th century, and it is characterized by the fragmentation of objects, the use of multiple perspectives, and the incorporation of geometric shapes. In this particular painting, Picasso has combined elements of nature, such as trees and rocks, with abstract shapes and patterns, creating a unique and visually striking composition.",cubism
114,114,Picasso_collection/Picasso_gueridon_1920.jpg,cubism,"USER:  
What is the art style of this painting made by Pablo Picasso in 1920?
ASSISTANT: The art style of this painting made by Pablo Picasso in 1920 is Cubism. Cubism is a modernist art movement that emerged in the early 20th century, and it is characterized by the fragmentation of objects, the use of multiple perspectives, and the incorporation of geometric shapes. In this particular painting, Picasso has combined different elements, such as a bull's head, a bottle, and a chair, to create a unique and abstract representation of these objects. This demonstrates the Cubist approach to breaking down and reassembling forms to create a new visual experience.",cubism
115,115,Picasso_collection/Picasso_blanquita_1917.jpg,cubism,"USER:  
What is the art style of this painting made by Pablo Picasso in 1917?
ASSISTANT: The art style of this painting made by Pablo Picasso in 1917 is Cubism. Cubism is a modernist art movement that emerged in the early 20th century, and it is characterized by the fragmentation of objects, the use of multiple perspectives, and the incorporation of geometric shapes. In this particular painting, the artist has created a unique and abstract representation of a woman, which reflects the Cubist approach to art.",cubism
116,116,Picasso_collection/Picasso_armchair_1917.jpg,cubism,"USER:  
What is the art style of this painting made by Pablo Picasso in 1917?
ASSISTANT: The art style of this painting made by Pablo Picasso in 1917 is Cubism. Cubism is a modernist art movement that emerged in the early 20th century, and it is characterized by the fragmentation of objects, the use of multiple perspectives, and the incorporation of geometric shapes. In this particular painting, Picasso has combined different elements, such as a chair, a vase, and a person, to create a unique and abstract representation of the subject matter. The painting's composition and the artist's use of color and form reflect the Cubist movement's principles.",cubism
117,117,Picasso_collection/Picasso_Man_hat_1912.jpg,synthetic cubism,"USER:  
What is the art style of this painting made by Pablo Picasso in 1912?
ASSISTANT: The art style of this painting made by Pablo Picasso in 1912 is Cubism. Cubism is a modernist art movement that emerged in the early 20th century, and it is characterized by the fragmentation of forms, the use of multiple perspectives, and the incorporation of everyday objects. In this particular painting, Picasso has combined different elements, such as a face, a hat, and a chair, to create a unique and abstract representation of the subject. This combination of various elements reflects the Cubist approach to art, where artists break down their subjects into smaller, more manageable parts and reassemble them in a new way.",cubism
118,118,Picasso_collection/Picasso_verre_1914.jpg,synthetic cubism,"USER:  
What is the art style of this painting made by Pablo Picasso in 1914?
ASSISTANT: The art style of this painting made by Pablo Picasso in 1914 is Cubism. This style emphasizes the fragmentation of objects and the use of multiple perspectives, which can be seen in the painting's composition and the way it represents the subject matter. The painting features a vase, a book, and a hand, all of which are depicted in a fragmented and abstract manner, reflecting the Cubist approach to art.",cubism
119,119,Picasso_collection/Picasso_Cheminee_1916.jpg,synthetic cubism,"USER:  
What is the art style of this painting made by Pablo Picasso in 1916?
ASSISTANT: The art style of this painting made by Pablo Picasso in 1916 is Cubism. Cubism is a modernist art movement that emerged in the early 20th century, and it is characterized by the fragmentation of objects, the use of multiple perspectives, and the incorporation of geometric shapes. In this particular painting, Picasso has combined various elements, such as a chair, a vase, and a bird, to create a unique and abstract representation of the subject matter. The painting's vibrant colors and the artist's use of different shapes and lines contribute to the overall Cubist aesthetic.",cubism
120,120,Picasso_collection/Picasso_Harlequin_1915.jpg,synthetic cubism,"USER:  
What is the art style of this painting made by Pablo Picasso in 1915?
ASSISTANT: The art style of this painting made by Pablo Picasso in 1915 is Cubism. Cubism is a modernist art movement that emerged in the early 20th century, and it is characterized by the fragmentation of objects, the use of multiple perspectives, and the incorporation of everyday elements into the artwork. In this particular painting, Picasso has combined various elements, such as a man, a chair, and a handbag, to create a unique and intriguing visual experience. The combination of different shapes, colors, and textures reflects the Cubist approach to art, emphasizing the interplay between form and function, as well as the exploration of the artist's own perception and imagination.",cubism
121,121,Picasso_collection/Picasso_Guitare_journal_1913.jpg,synthetic cubism,"USER:  
What is the art style of this painting made by Pablo Picasso in 1913?
ASSISTANT: The art style of this painting made by Pablo Picasso in 1913 is Cubism. Cubism is a modernist art movement that emerged in the early 20th century, and it is characterized by the fragmentation of objects, the use of multiple perspectives, and the incorporation of everyday elements into the artwork. In this particular painting, Picasso has combined various elements, such as a guitar, a newspaper, and a map, to create a unique and intriguing visual experience.",cubism
122,122,Picasso_collection/Picasso_Bathers_Forest_1908.jpg,analytical cubism,"USER:  
What is the art style of this painting made by Pablo Picasso in 1908?
ASSISTANT: The art style of this painting made by Pablo Picasso in 1908 is known as Cubism. Cubism is a modernist art movement that emerged in the early 20th century, and it is characterized by the fragmentation of objects, the use of multiple perspectives, and the incorporation of non-traditional elements. In this particular painting, Picasso has combined different elements, such as human figures, trees, and a chair, to create a unique and abstract representation of the subject matter. This artistic approach reflects the Cubist movement's focus on breaking down traditional forms and exploring new ways of seeing and interpreting the world.",cubism
123,123,Picasso_collection/Picasso_nature_morte_1909.jpg,analytical cubism,"USER:  
What is the art style of this painting made by Pablo Picasso in 1909?
ASSISTANT: The art style of this painting made by Pablo Picasso in 1909 is Cubism. Cubism is a modernist art movement that emerged in the early 20th century, and it is characterized by the fragmentation of objects, the use of multiple perspectives, and the incorporation of everyday objects into the artwork. In this particular painting, Picasso has combined various objects, such as a vase, a banana, and a chair, to create a unique and intriguing visual experience. The painting's composition and the use of different shapes and colors reflect the Cubist approach to art.",cubism
124,124,Picasso_collection/Picasso_Kahnweiler_1910.jpg,analytical cubism,"USER:  
What is the art style of this painting made by Pablo Picasso in 1910?
ASSISTANT: The art style of this painting made by Pablo Picasso in 1910 is Cubism. Cubism is a modernist art movement that emerged in the early 20th century, and it is characterized by the fragmentation of objects, the use of multiple perspectives, and the incorporation of geometric shapes. In this particular painting, the artist has created a visually striking image by combining multiple elements, such as the face, the background, and the overall composition, to create a unique and thought-provoking piece of art.",cubism
125,125,Picasso_collection/Picasso_grenade_1911.jpg,analytical cubism,"USER:  
What is the art style of this painting made by Pablo Picasso in 1911?
ASSISTANT: The art style of this painting made by Pablo Picasso in 1911 is Cubism. Cubism is a modernist art movement that emerged in the early 20th century, and it is characterized by the fragmentation of objects, the use of multiple perspectives, and the incorporation of geometric shapes. In this particular painting, Picasso has combined various elements, such as a chair, a dining table, and a vase, to create a unique and abstract representation of the subject matter. This demonstrates the Cubist approach to art, where the artist breaks down the subject into its constituent parts and reassembles them in a new and unconventional way.",cubism
126,126,Picasso_collection/Picasso_Jolie_1912.jpg,analytical cubism,"USER:  
What is the art style of this painting made by Pablo Picasso in 1911?
ASSISTANT: The art style of this painting made by Pablo Picasso in 1911 is Cubism. Cubism is a modernist art movement that emerged in the early 20th century, characterized by the use of geometric shapes, fragmented forms, and multiple perspectives. In this particular painting, Picasso employs these techniques to create a complex and intricate visual composition. The painting's subject matter, which includes a chair, a dining table, and a person, is further enhanced by the artist's use of color, light, and shadow to create depth and visual interest.",cubism
127,127,Picasso_collection/Picasso_Sculptor_and_Statue_1933.jpg,surrealism,"USER:  
What is the art style of this painting made by Pablo Picasso in 1933?
ASSISTANT: The art style of this painting made by Pablo Picasso in 1933 is Cubism. This style emphasizes the use of multiple perspectives and the fragmentation of objects, which can be seen in the painting's composition and the way the subjects are depicted. The painting features a man and a woman, with the man sitting on a chair and the woman sitting on a bench. The man is wearing a mask, and the overall scene appears to be a mix of realism and abstract elements.",cubism
128,128,Picasso_collection/Picasso_Bather_1928.jpg,surrealism,"USER:  
What is the art style of this painting made by Pablo Picasso in 1928?
ASSISTANT: The art style of this painting made by Pablo Picasso in 1928 is Cubism. Cubism is a modernist art movement that emerged in the early 20th century, and it is characterized by the fragmentation of objects, the use of multiple perspectives, and the incorporation of geometric shapes. In this particular painting, the artist has created a unique and abstract representation of a person, which reflects the Cubist approach to art.",cubism
129,129,Picasso_collection/Picasso_Crucifixion_1930.jpg,surrealism,"USER:  
What is the art style of this painting made by Pablo Picasso in 1930?
ASSISTANT: The art style of this painting made by Pablo Picasso in 1930 is Cubism. Cubism is a modernist art movement that emerged in the early 20th century, and it is characterized by the fragmentation of objects, the use of multiple perspectives, and the incorporation of everyday elements into the artwork. In this particular painting, Picasso has combined various elements, such as figures, animals, and a chair, to create a complex and intriguing composition. The painting's vibrant colors and the artist's unique approach to representation make it a prime example of Cubist art.",cubism
130,130,Picasso_collection/Picasso_Corrida_1933.jpg,surrealism,"USER:  
What is the art style of this painting made by Pablo Picasso in 1933?
ASSISTANT: The art style of this painting made by Pablo Picasso in 1933 is Cubism. This style is characterized by the fragmentation of objects, the use of multiple perspectives, and the incorporation of everyday elements into the artwork. In this particular painting, Picasso has combined elements of a bullfight, a circus, and a bull, creating a unique and intriguing visual experience.",cubism
131,131,Picasso_collection/Picasso_Baiser_1931.jpg,surrealism,"USER:  
What is the art style of this painting made by Pablo Picasso in 1931?
ASSISTANT: The art style of this painting made by Pablo Picasso in 1931 is Cubism. Cubism is a modernist art movement that emerged in the early 20th century, and it is characterized by the fragmentation of objects, the use of multiple perspectives, and the incorporation of geometric shapes. In this particular painting, Picasso has created a distorted and exaggerated representation of a person's face, which is a common characteristic of Cubist art. The painting's vivid colors and the artist's unique approach to depicting the subject make it a prime example of Cubist art.",cubism
132,132,Picasso_collection/Picasso_Jeanne_1901.jpg,post impressionism,"USER:  
What is the art style of this painting made by Pablo Picasso in 1901?
ASSISTANT: The art style of this painting made by Pablo Picasso in 1901 is Cubism.",cubism
133,133,Picasso_collection/Picasso_Canals_1905.jpg,post impressionism,"USER:  
What is the art style of this painting made by Pablo Picasso in 1905?
ASSISTANT: The art style of this painting made by Pablo Picasso in 1905 is known as Cubism. Cubism is a modernist art movement that emerged in the early 20th century, characterized by the fragmentation of forms, the use of multiple perspectives, and the incorporation of everyday objects. In this particular painting, the artist has portrayed a woman with a black veil, which adds a sense of mystery and intrigue to the scene. The painting's composition and the use of color also contribute to the overall Cubist aesthetic.",cubism
134,134,Picasso_collection/Picasso_Paralelo_1900.jpg,post impressionism,"USER:  
What is the art style of this painting made by Pablo Picasso in 1900?
ASSISTANT: The art style of this painting made by Pablo Picasso in 1900 is known as Cubism. Cubism is a modernist art movement that emerged in the early 20th century, characterized by the depiction of three-dimensional objects in a two-dimensional manner. In this painting, Picasso uses a combination of geometric shapes, lines, and colors to create a dynamic and abstract representation of the scene. The painting's composition and the use of multiple perspectives reflect the Cubist approach to art, which emphasized the fragmentation of forms and the exploration of new artistic techniques.",cubism
135,135,Picasso_collection/Picasso_Homme_1903.jpg,post impressionism,"USER:  
What is the art style of this painting made by Pablo Picasso in 1903?
ASSISTANT: The art style of this painting made by Pablo Picasso in 1903 is Cubism. Cubism is a modernist art movement that emerged in the early 20th century, and it is characterized by the fragmentation of objects, the use of multiple perspectives, and the incorporation of geometric shapes. In this particular painting, the artist has depicted a man with a beard, which is a prominent feature of the image. The man is sitting in a chair, and the overall composition of the painting reflects the Cubist art style.",cubism
136,136,Picasso_collection/Picasso_Woman_1901.jpg,post impressionism,"USER:  
What is the art style of this painting made by Pablo Picasso in 1901?
ASSISTANT: The art style of this painting made by Pablo Picasso in 1901 is known as Cubism. Cubism is a modernist art movement that emerged in the early 20th century, characterized by the fragmentation of forms, the use of multiple perspectives, and the incorporation of everyday objects. In this particular painting, the artist has created a portrait of a man, which showcases the Cubist style through the use of geometric shapes, multiple perspectives, and the incorporation of everyday objects.",cubism
137,137,Picasso_collection/Picasso_Portrait_Olga_1918.jpg,neo classicism,"USER:  
What is the art style of this painting made by Pablo Picasso in 1918?
ASSISTANT: The art style of this painting made by Pablo Picasso in 1918 is Cubism. This style emphasizes the use of geometric shapes, multiple perspectives, and the breaking down of objects into their basic forms. In the image, the woman is depicted in a Cubist style, with her features and clothing represented in a simplified and abstract manner. This artistic approach was a significant innovation in the early 20th century and is still celebrated for its unique and thought-provoking aesthetic.",cubism
138,138,Picasso_collection/Picasso_Women_Spring_1921.jpg,neo classicism,"USER:  
What is the art style of this painting made by Pablo Picasso in 1921?
ASSISTANT: The art style of this painting made by Pablo Picasso in 1921 is Cubism. Cubism is a modernist art movement that emerged in the early 20th century, and it is characterized by the fragmentation of objects, the use of multiple perspectives, and the incorporation of geometric shapes. In this particular painting, the artist has depicted three women sitting on a bench, each with a distinct appearance and posture. The use of multiple perspectives and the fragmentation of the women's bodies and the bench they are sitting on reflect the Cubist art style.",cubism
139,139,Picasso_collection/Picasso_Nessus_Deianira_1920.jpg,neo classicism,"USER:  
What is the art style of this painting made by Pablo Picasso in 1920?
ASSISTANT: The art style of this painting made by Pablo Picasso in 1920 is Cubism. This style emphasizes the fragmentation of objects and the use of multiple perspectives, which can be seen in the depiction of the man and woman in the image. The painting also features a horse, which adds to the overall composition and artistic expression of the piece.",cubism
140,140,Picasso_collection/Picasso_Pan_Pipes_1923.jpg,neo classicism,"USER:  
What is the art style of this painting made by Pablo Picasso in 1923?
ASSISTANT: The art style of this painting made by Pablo Picasso in 1923 is Cubism. This style emphasizes the use of multiple perspectives and the fragmentation of objects, which can be seen in the depiction of the two naked men in the image. The painting also features a unique color palette, which is characteristic of Cubist artwork.",cubism
141,141,Picasso_collection/Picasso_Lovers_1923.jpg,neo classicism,"USER:  
What is the art style of this painting made by Pablo Picasso in 1923?
ASSISTANT: The art style of this painting made by Pablo Picasso in 1923 is Cubism. This style emphasizes the use of geometric shapes, multiple perspectives, and the breaking down of objects into their basic forms. In the image, the man and woman are depicted in a Cubist style, with the woman's face being represented by a geometric shape, and the man's face being depicted in a similar manner. This artistic choice reflects the Cubist movement's focus on the interplay of form and function, as well as the fragmentation of objects and the emphasis on the viewer's perception.",cubism
142,142,Picasso_collection/Picasso_Weeping_Woman_1937.jpg,expressionism,"USER:  
What is the art style of this painting made by Pablo Picasso in 1937?
ASSISTANT: The art style of this painting made by Pablo Picasso in 1937 is Cubism.",cubism
143,143,Picasso_collection/Picasso_Self_1901.jpg,expressionism,"USER:  
What is the art style of this painting made by Pablo Picasso in 1901?
ASSISTANT: The art style of this painting made by Pablo Picasso in 1901 is known as Cubism. Cubism is a modernist art movement that emerged in the early 20th century, characterized by the depiction of three-dimensional objects in a two-dimensional manner. This style emphasizes the fragmentation of forms, the use of multiple perspectives, and the incorporation of different materials and textures. In the image, the man's face is depicted in a Cubist style, which gives the painting a unique and modern appearance.",cubism
144,144,Picasso_collection/Picasso_Jacqueline_1954.jpg,expressionism,"USER:  
What is the art style of this painting made by Pablo Picasso in 1954?
ASSISTANT: The art style of this painting made by Pablo Picasso in 1954 is Cubism. This style is characterized by the artist's use of multiple perspectives, fragmented forms, and the incorporation of everyday objects into the artwork. In this particular painting, Picasso has created a portrait of a woman, using a combination of abstract shapes and realistic elements to create a unique and thought-provoking image.",cubism
145,145,Picasso_collection/Picasso_absinthe_1903.jpg,expressionism,"USER:  
What is the art style of this painting made by Pablo Picasso in 1903?
ASSISTANT: The art style of this painting made by Pablo Picasso in 1903 is known as Cubism. Cubism is a modernist art movement that emerged in the early 20th century, characterized by the depiction of three-dimensional objects in a two-dimensional manner. In this painting, Picasso uses a combination of geometric shapes, lines, and colors to create a unique and abstract representation of the subject. The painting's subject, a man holding a glass, is portrayed in a stylized and simplified manner, reflecting the Cubist approach to art.",cubism
146,146,Picasso_collection/Picasso_untitled_1937.jpg,expressionism,"USER:  
What is the art style of this painting made by Pablo Picasso in 1937?
ASSISTANT: The art style of this painting made by Pablo Picasso in 1937 is Cubism. Cubism is a modernist art movement that emerged in the early 20th century, and it is characterized by the fragmentation of objects, the use of multiple perspectives, and the incorporation of everyday elements into the artwork. In this particular painting, Picasso has combined elements of a house, a tree, and a clock, creating a unique and intriguing visual experience.",cubism
